"subreddit","total_post","avg_score","avg_comments"
"datascience","36664","4","8"
"MachineLearning","36447","7","8"
"statistics","29621","3","6"
"AskStatistics","28608","1","3"
"learnmachinelearning","27462","2","2"
"computerscience","21971","3","5"
"datasets","11122","2","2"
"rstats","10635","2","5"
"MLQuestions","9982","1","3"
"computervision","8624","2","4"
"deeplearning","8142","2","2"
"analytics","7945","2","6"
"dataengineering","7891","1","7"
"artificial","7529","3","5"
"dataanalysis","3465","1","3"
"data","2478","1","1"
"DataScienceJobs","2072","1","1"
"kaggle","393","1","1"
"datascienceproject","167","1","1"
